file_name,time_elapsed
case_335.json,3.745103120803833
case_352.json,0.9745707511901855
